USE BDVideojuegosMarlon;
/*Inserciones*/

/*Insercion de usuario*/
INSERT INTO Usuario (nombre_Usuario, contraseña, Rol) VALUES
('Alice', 'alice123', 'Cliente'),
('Bob', 'bob4567', 'Cliente'),
('Charlie', 'charl789', 'Cliente'),
('David', 'dave1234', 'Cliente'),
('Eva', 'eva56789', 'Cliente'),
('Frank', 'frank123', 'Cliente'),
('Grace', 'grace123', 'Cliente'),
('Hank', 'hank4567', 'Cliente'),
('Irene', 'irene123', 'Cliente'),
('Jack', 'jack7890', 'Cliente'),
('Kate', 'kate1234', 'Cliente'),
('Leo', 'leo56789', 'Cliente'),
('Mia', 'mia12345', 'Cliente'),
('Nick', 'nick1234', 'Cliente'),
('Olivia', 'oliv5678', 'Cliente'),
('Paul', 'paul1234', 'Cliente'),
('Quincy', 'quin789', 'Cliente'),
('Rachel', 'rach1234', 'Cliente'),
('Steve', 'steve567', 'Cliente'),
('Tina', 'tina1234', 'Cliente');

/*Inserciones de Clientes*/
INSERT INTO Cliente (id_Usuario, nombre, apellido, telefono) VALUES
(3, 'Alice', 'Smith', '5550001'),
(4, 'Bob', 'Johnson', '5550002'),
(5, 'Charlie', 'Williams', '5550003'),
(6, 'David', 'Brown', '5550004'),
(7, 'Eva', 'Jones', '5550005'),
(8, 'Frank', 'Garcia', '5550006'),
(9, 'Grace', 'Martinez', '5550007'),
(10, 'Hank', 'Davis', '5550008'),
(11, 'Irene', 'Lopez', '5550009'),
(12, 'Jack', 'Gonzalez', '5550010'),
(13, 'Kate', 'Wilson', '5550011'),
(14, 'Leo', 'Anderson', '5550012'),
(15, 'Mia', 'Thomas', '5550013'),
(16, 'Nick', 'Taylor', '5550014'),
(17, 'Olivia', 'Moore', '5550015'),
(18, 'Paul', 'Jackson', '5550016'),
(19, 'Quincy', 'Martin', '5550017'),
(20, 'Rachel', 'Lee', '5550018'),
(21, 'Steve', 'Perez', '5550019'),
(22, 'Tina', 'Thompson', '5550020');

/*Inserciones de categoria*/
INSERT INTO Categoria (nombre) VALUES
('Videojuegos'),
('Monitores y Pantallas'),
('Sillas y Mobiliario'),
('Audio'),
('Iluminación'),
('Tarjetas');

/*Inserciones de productos*/
INSERT INTO Producto (id_categoria, descripcion, nombreProducto, precio, Stock, imagen)
VALUES 
    (1, 'Grand Theft Auto V - Edición Premium (PS4)', 'GTA V', 29.99, 20, 'imagen_gta_v.jpg'),
    (1, 'The Legend of Zelda: Breath of the Wild (Switch)', 'Zelda BOTW', 49.99, 15, 'imagen_zelda_botw.jpg'),
    (1, 'FIFA 22 (Xbox Series X)', 'FIFA 22', 59.99, 25, 'imagen_fifa_22.jpg'),
    (1, 'Super Mario Odyssey (Switch)', 'Super Mario Odyssey', 39.99, 18, 'imagen_super_mario_odyssey.jpg'),
    (1, 'Call of Duty: Warzone (PC)', 'Call of Duty Warzone', 0.00, 30, 'imagen_cod_warzone.jpg'),
    (1, 'Animal Crossing: New Horizons (Switch)', 'Animal Crossing', 49.99, 22, 'imagen_animal_crossing.jpg'),
    (1, 'Red Dead Redemption 2 (Xbox One)', 'Red Dead Redemption 2', 39.99, 20, 'imagen_red_dead_redemption_2.jpg'),
    (1, 'Minecraft (PS4)', 'Minecraft', 19.99, 28, 'imagen_minecraft.jpg'),
    (1, 'Assassin\'s Creed Valhalla (PS5)', 'Assassin\'s Creed Valhalla', 59.99, 15, 'imagen_assassins_creed_valhalla.jpg'),
    (1, 'Pokémon Brilliant Diamond (Nintendo Switch)', 'Pokémon Brilliant Diamond', 59.99, 12, 'imagen_pokemon_brilliant_diamond.jpg'),
	(2, 'Monitor de gaming 24 pulgadas, Full HD, 144Hz', 'Monitor Gaming 24"', 249.99, 10, 'imagen_monitor_gaming_24.jpg'),
    (2, 'Monitor curvo ultrawide 34 pulgadas, QHD, 120Hz', 'Monitor Curvo 34"', 599.99, 5, 'imagen_monitor_curvo_34.jpg'),
    (2, 'Monitor 4K HDR 27 pulgadas, IPS, 60Hz', 'Monitor 4K 27"', 399.99, 8, 'imagen_monitor_4k_27.jpg'),
    (2, 'Monitor portátil USB-C 15.6 pulgadas, Full HD, IPS', 'Monitor Portátil 15.6"', 199.99, 15, 'imagen_monitor_portatil_15.jpg'),
    (2, 'Pantalla táctil interactiva 55 pulgadas, 4K UHD', 'Pantalla Táctil 55"', 1499.99, 3, 'imagen_pantalla_tactil_55.jpg'),
    (3, 'Silla de escritorio ergonómica con respaldo alto', 'Silla Ergonómica', 199.99, 20, 'imagen_silla_ergonomica.jpg'),
    (3, 'Mesa de ordenador con superficie de vidrio templado', 'Mesa de Ordenador', 149.99, 15, 'imagen_mesa_ordenador.jpg'),
    (3, 'Estante organizador para accesorios de gaming', 'Estante Organizador', 49.99, 10, 'imagen_estante_organizador.jpg'),
    (3, 'Silla gamer reclinable con reposapiés retráctil', 'Silla Gamer Reclinable', 299.99, 8, 'imagen_silla_gamer_reclinable.jpg'),
    (3, 'Escritorio ajustable en altura para trabajar de pie', 'Escritorio Ajustable', 349.99, 6, 'imagen_escritorio_ajustable.jpg'),
    (4, 'Altavoces de estantería Hi-Fi (pareja)', 'Altavoces Hi-Fi', 199.99, 10, 'imagen_altavoces_hifi.jpg'),
    (4, 'Auriculares inalámbricos con cancelación de ruido', 'Auriculares Inalámbricos', 149.99, 15, 'imagen_auriculares_inalambricos.jpg'),
    (4, 'Barra de sonido 2.1 canales con subwoofer inalámbrico', 'Barra de Sonido', 249.99, 8, 'imagen_barra_sonido.jpg'),
    (4, 'Micrófono de condensador USB para grabación y streaming', 'Micrófono USB', 79.99, 20, 'imagen_microfono_usb.jpg'),
    (4, 'Reproductor de vinilos con altavoces integrados', 'Tocadiscos', 299.99, 6, 'imagen_tocadiscos.jpg'),
    (5, 'Bombilla inteligente LED WiFi, regulable y compatible con asistentes de voz', 'Bombilla Inteligente', 29.99, 20, 'imagen_bombilla_inteligente.jpg'),
    (5, 'Tira LED RGB para iluminación ambiental, con control remoto', 'Tira LED RGB', 19.99, 30, 'imagen_tira_led_rgb.jpg'),
    (5, 'Lámpara de pie moderna con luz regulable y control táctil', 'Lámpara de Pie', 79.99, 15, 'imagen_lampara_pie.jpg'),
    (5, 'Foco LED empotrable para techo, luz blanca cálida', 'Foco LED Empotrable', 14.99, 40, 'imagen_foco_led_empotrable.jpg'),
    (5, 'Luz nocturna LED con sensor de movimiento y luz cálida', 'Luz Nocturna LED', 9.99, 50, 'imagen_luz_nocturna_led.jpg');

/*Inserciones de venta*/
INSERT INTO Venta (id_venta, id_cliente, fecha) VALUES
(7, 21, '2022-01-15'),
(8, 22, '2022-02-28'),
(9, 23, '2022-03-10'),
(10, 25, '2022-04-05'),
(11, 24, '2022-05-20'),
(12, 26, '2022-06-07'),
(13, 27, '2022-07-12'),
(14, 28, '2022-08-25'),
(15, 29, '2022-09-03'),
(16, 22, '2022-10-18');

INSERT INTO Venta (id_venta, id_cliente, fecha) VALUES
(17, 30, '2022-11-21'),
(18, 31, '2022-12-30'),
(19, 31, '2023-01-08'),
(20, 32, '2023-02-14'),
(21, 33, '2023-03-27'),
(22, 30, '2023-04-01'),
(23, 34, '2023-05-05'),
(24, 35, '2023-06-11'),
(25, 36, '2023-07-19'),
(26, 37, '2023-08-28'),
(27, 38, '2023-09-10'),
(28, 39, '2023-10-22'),
(29, 30, '2023-11-30');

INSERT INTO Venta (id_venta, id_cliente, fecha) VALUES
(30, 35, '2023-12-03'),
(31, 31, '2022-01-20'),
(32, 40, '2022-02-09'),
(33, 40, '2022-03-15'),
(34, 28, '2022-04-28'),
(35, 32, '2022-05-06'),
(36, 38, '2022-06-20'),
(37, 26, '2022-07-01'),
(38, 33, '2022-08-12'),
(39, 28, '2022-09-22'),
(40, 27, '2022-10-05'),
(41, 40, '2022-11-11'),
(42, 34, '2022-12-19'),
(43, 33, '2023-01-27'),
(44, 21, '2023-02-14'),
(45, 40, '2023-03-05'),
(46, 28, '2023-04-10'),
(47, 39, '2023-05-18'),
(48, 26, '2023-06-25'),
(49, 32, '2023-07-04'),
(50, 40, '2023-08-15'),
(51, 24, '2023-09-01'),
(52, 39, '2023-10-30'),
(53, 21, '2023-11-08'),
(54, 31, '2023-12-12'),
(55, 35, '2022-01-21'),
(56, 22, '2022-02-01'),
(57, 37, '2022-03-07'),
(58, 30, '2022-04-19'),
(59, 25, '2022-05-30'),
(60, 29, '2022-06-10'),
(61, 40, '2022-07-15'),
(62, 37, '2022-08-23'),
(63, 40, '2022-09-04'),
(64, 31, '2022-10-18'),
(65, 24, '2022-11-21'),
(66, 36, '2022-12-01'),
(67, 26, '2023-01-10'),
(68, 25, '2023-02-26'),
(69, 35, '2023-03-08'),
(70, 40, '2023-04-14'),
(71, 25, '2023-05-25'),
(72, 31, '2023-06-03'),
(73, 34, '2023-07-09'),
(74, 27, '2023-08-18'),
(75, 28, '2023-09-22'),
(76, 21, '2023-10-01'),
(77, 38, '2023-11-15'),
(78, 36, '2023-12-28'),
(79, 33, '2022-01-05'),
(80, 40, '2022-02-09'),
(81, 27, '2022-03-19'),
(82, 40, '2022-04-25'),
(83, 33, '2023-05-30'),
(84, 35, '2023-06-11'),
(85, 36, '2023-07-17'),
(86, 36, '2023-08-25'),
(87, 26, '2023-09-03'),
(88, 39, '2023-10-15'),
(89, 26, '2023-11-20'),
(90, 32, '2023-12-29'),
(91, 40, '2024-01-06'),
(92, 40, '2024-02-12'),
(93, 29, '2024-03-20'),
(94, 31, '2024-04-01'),
(95, 32, '2024-05-07'),
(96, 35, '2024-06-15'),
(97, 22, '2024-07-23'),
(98, 27, '2024-08-28'),
(99, 30, '2024-09-05'),
(100, 40, '2024-10-10');

/*Inserciones en Detalle venta*/
INSERT INTO Detalle (id_venta, id_producto, cantidad) VALUES
(7, 64, 5),
(8, 64, 3),
(9, 65, 7),
(10, 65, 2),
(11, 66, 9),
(12, 64, 4),
(13, 66, 6),
(14, 65, 1),
(15, 67, 8),
(16, 67, 5),
(17, 68, 3),
(18, 69, 7),
(19, 68, 2),
(20, 68, 9),
(21, 69, 4),
(22, 68, 6),
(23, 67, 1),
(24, 65, 8),
(25, 64, 5),
(26, 64, 3),
(27, 65, 7),
(28, 66, 2),
(29, 67, 9);

INSERT INTO Detalle (id_venta, id_producto, cantidad) VALUES
(30, 74, 4),
(31, 75, 6),
(32, 70, 1),
(33, 70, 8),
(34, 71, 5),
(35, 71, 3),
(36, 72, 7),
(37, 72, 2),
(38, 73, 9),
(39, 73, 4),
(40, 73, 6),
(41, 74, 1),
(42, 74, 8),
(43, 74, 5),
(44, 75, 3),
(45, 76, 7),
(46, 76, 2),
(47, 75, 9),
(48, 72, 4),
(49, 77, 6),
(50, 78, 1),
(51, 71, 8),
(52, 70, 5),
(53, 78, 3),
(54, 79, 7),
(55, 70, 2),
(56, 71, 9),
(57, 72, 4),
(58, 73, 6),
(59, 74, 1);

INSERT INTO Detalle (id_venta, id_producto, cantidad) VALUES
(60, 64, 8),
(61, 65, 5),
(62, 66, 3),
(63, 67, 7),
(64, 68, 2),
(65, 69, 9),
(66, 70, 4),
(67, 76, 6),
(68, 72, 1),
(69, 83, 8),
(70, 84, 5),
(71, 85, 3),
(72, 86, 7),
(73, 87, 2),
(74, 88, 9),
(75, 89, 4),
(76, 87, 6),
(77, 91, 1),
(78, 92, 8),
(79, 88, 5),
(80, 84, 3),
(81, 93, 7),
(82, 80, 2),
(83, 89, 9),
(84, 88, 4),
(85, 93, 6),
(86, 81, 1),
(87, 71, 8),
(88, 72, 5),
(89, 71, 3),
(90, 64, 7),
(91, 85, 2),
(92, 78, 9),
(93, 88, 4),
(94, 88, 6),
(95, 91, 1),
(96, 79, 8),
(97, 91, 5),
(98, 93, 3),
(99, 93, 7),
(100, 79, 2);


SELECT * FROM Usuario;
SELECT * FROM Cliente;
SELECT * FROM Categoria;
SELECT * FROM Producto;
SELECT * FROM Venta;
SELECT * FROM Detalle;
